{
    "HINCP": [
        111542.13451682043,
        154194.02792931677
    ],
    "BEDROOMS": [
        2.7596216568819307,
        1.117325547664335
    ],
    "BATHROOMS": [
        2.7222066908955362,
        1.4628449986638197
    ],
    "TOTHCAMT": [
        1874.3826763582144,
        2641.7775271668906
    ],
    "UNITSIZE": [
        1707.7462491846054,
        958.5813523998125
    ],
    "AFFORDABLE": [
        3.1913668181841315,
        156.10976823005075
    ]
}